track_name,track_artists,danceability,energy,key,loudness,mode,speechiness,acousticness,instrumentalness,liveness,valence,tempo,time_signature,track_duration_ms,track_popularity,track_year
Africa,TOTO,0.671,0.373,9,-18.064,1,0.0323,0.257,8.01e-5,0.0481,0.732,92.718,4,295893,83,1982
Take on Me,a-ha,0.573,0.902,6,-7.638,0,0.054,0.018,0.00125,0.0928,0.876,84.412,4,225280,83,1985
Wake Me Up Before You Go-Go,Wham!,0.62,0.573,0,-11.893,1,0.0423,0.271,0,0.0607,0.897,81.548,4,231333,79,1984
I'm Still Standing,Elton John,0.504,0.904,6,-6.863,1,0.179,0.356,0.121,0.14,0.772,176.808,4,183440,79,1983
Wolf Totem (feat. Jacoby Shaddix of Papa Roach),The HU;Papa Roach,0.373,0.895,8,-3.846,1,0.061,0.0221,2.45e-4,0.661,0.668,172.392,4,317077,59,2020
Yuve Yuve Yu,The HU,0.624,0.857,10,-6.25,0,0.0542,0.0208,0.206,0.11,0.324,131.926,4,282920,61,2019
The Search,NF,0.789,0.789,2,-4.813,1,0.298,0.598,0,0.099,0.37,119.95,4,248053,71,2019
Stressed Out,Twenty One Pilots,0.734,0.637,4,-5.677,0,0.141,0.0462,2.29e-5,0.0602,0.648,169.977,4,202333,83,2015
Ride,Twenty One Pilots,0.645,0.713,6,-5.355,1,0.0393,0.00835,0,0.113,0.566,74.989,4,214506,81,2015
Heathens,Twenty One Pilots,0.732,0.396,4,-9.348,0,0.0286,0.0841,3.58e-5,0.105,0.548,90.024,4,195920,81,2016
Jumpsuit,Twenty One Pilots,0.62,0.61,11,-8.329,0,0.0373,0.00849,0.162,0.205,0.235,127.052,4,238560,71,2018
Chlorine,Twenty One Pilots,0.609,0.674,10,-7.388,0,0.0548,0.0735,0.06,0.345,0.315,90.009,4,324466,77,2018
Diggy Diggy Hole,Wind Rose,0.311,0.942,8,-5.175,1,0.0483,2.06e-4,0.238,0.158,0.651,125.006,4,315986,47,2019
Feel Invincible,Skillet,0.603,0.886,5,-3.777,0,0.0837,4.5e-4,0,0.26,0.395,126.025,4,229933,73,2016
Monster,STARSET,0.386,0.86,1,-6.757,0,0.0543,0.00146,2.32e-6,0.0643,0.261,97.576,4,256320,62,2017
Through The Fire And Flames,DragonForce,0.153,0.953,0,-4.74,0,0.122,0.00152,0.0062,0.366,0.14,199.892,4,439120,66,2006
When Legends Rise,Godsmack,0.428,0.914,4,-4.273,0,0.281,2.93e-4,1.29e-5,0.0869,0.468,124.115,4,172826,56,2018
Legend,The Score,0.601,0.757,2,-3.341,1,0.028,0.0139,8.85e-5,0.0727,0.462,82.001,4,189120,73,2017
For the Glory,All Good Things,0.485,0.892,2,-3.586,0,0.0809,4.43e-4,0,0.1,0.576,142.046,4,279308,68,2017
Eye Of The Storm,Watt White,0.529,0.943,2,-4.299,0,0.077,0.015,0,0.163,0.6,95.152,4,199008,66,2017
Last to Leave,Humblebee,0.754,0.515,4,-6.195,0,0.0538,0.541,0.92,0.127,0.0683,171.019,4,158596,51,2019
Pigments,Norabel,0.767,0.204,2,-13.941,1,0.0814,0.764,0.906,0.118,0.135,89.979,4,130388,58,2020
Cognac Carousel,A P O L L O,0.801,0.45,11,-6.814,0,0.0819,0.276,0.883,0.114,0.72,145.018,4,119172,52,2020
Eclipse,Carter Fox,0.565,0.553,7,-10.527,1,0.036,0.505,0.338,0.0648,0.585,139.828,4,211500,52,2020
High Noon,Toby Tranter,0.648,0.68,11,-6.864,0,0.0346,0.212,0.902,0.173,0.507,172.004,4,181145,53,2020
Heliolingus,Ooyy,0.509,0.682,1,-8.921,1,0.0402,0.00146,0.0287,0.134,0.172,171.995,4,172356,0,2018
Sense,Cushy,0.793,0.565,4,-9.539,0,0.0387,0.0371,0.849,0.113,0.0374,130.013,4,163384,51,2020
Recenseo,Humblebee,0.616,0.679,8,-6.941,0,0.0306,0.00885,0.306,0.135,0.359,137.021,4,169927,51,2019
Autumn Mournings to Winter Nights,DJ DENZ The Rooster,0.763,0.35,11,-11.167,0,0.0352,0.324,0.918,0.114,0.135,92.953,4,258064,52,2020
Neon Gravestones,Twenty One Pilots,0.73,0.427,11,-9.834,0,0.138,0.379,3.09e-4,0.0893,0.392,149.45,3,240266,63,2018
Radioactive,Imagine Dragons,0.448,0.784,9,-3.686,1,0.0627,0.106,1.08e-4,0.668,0.236,136.245,4,186813,58,2012
Leave a Light On,Tom Walker,0.586,0.624,5,-5.946,1,0.113,0.0153,1.78e-6,0.133,0.267,68.976,4,185863,74,2017
No Good,KALEO,0.378,0.925,9,-3.781,1,0.185,0.0234,6.2e-4,0.18,0.584,108.525,4,234240,65,2016
New Shoes,Paolo Nutini,0.748,0.735,8,-8.692,1,0.0903,0.47,1.09e-5,0.0851,0.854,150.04,4,203653,66,2007
The Fear,The Score,0.498,0.628,7,-5.709,0,0.0317,0.00686,0,0.362,0.218,138.099,4,183853,64,2019
Flowers,Other People's Heartache;Bastille;Rationale;James Arthur,0.448,0.668,2,-5.309,1,0.138,0.341,1.05e-5,0.202,0.285,177.999,4,226516,43,2018
Pinkish,Gerard Way,0.184,0.965,2,-3.239,1,0.0929,0.0014,0.0904,0.248,0.192,150.132,3,226737,36,2016
Blood Runs Red,78rpm,0.557,0.918,5,-2.688,0,0.0659,0.116,0,0.316,0.403,138.036,4,225124,47,2017
Weight of the World,Battle Tapes,0.485,0.926,0,-4.514,1,0.124,0.153,2.96e-4,0.108,0.327,125.072,4,243840,39,2019
Kerosene Dreams,X Ambassadors,0.474,0.692,1,-8.085,1,0.0588,0.145,0.012,0.163,0.192,83.97,4,233013,47,2016
The Run and Go,Twenty One Pilots,0.798,0.318,10,-6.849,0,0.0431,0.0437,0,0.158,0.425,92.49,4,229000,64,2013
Way down We Go,KALEO,0.489,0.505,10,-8.022,0,0.117,0.579,3.33e-4,0.104,0.337,163.255,4,213706,78,2016
Judgement Day,Blues Saraceno,0.579,0.449,9,-10.037,0,0.0257,0.535,4.99e-6,0.0984,0.193,82.99,4,265642,37,2015
Cha-Ching (Till We Grow Older),Imagine Dragons,0.516,0.858,7,-6.112,1,0.0375,0.0041,7.39e-6,0.0635,0.129,129.983,4,249466,45,2012
Flame,Sundara Karma,0.528,0.855,7,-4.641,1,0.051,0.00113,0,0.281,0.206,100.042,4,227366,59,2016
How to Save a Life,The Fray,0.64,0.743,10,-4.08,1,0.0379,0.269,0,0.101,0.361,122.035,4,262533,81,2005
Automobile,KALEO,0.688,0.553,2,-6.164,1,0.039,0.596,3.3e-5,0.305,0.356,125.887,4,186906,56,2016
Cornfield Chase,Hans Zimmer,0.33,0.229,9,-16.442,0,0.0375,0.948,0.973,0.0998,0.0593,96.158,4,126959,0,2014
Fringe Society,Sami Matar,0.504,0.294,8,-9.847,1,0.0296,7.48e-4,0.768,0.172,0.0382,80.029,4,222851,48,2017
Synthblade,Cyberpunkers,0.543,0.894,6,-3.823,0,0.119,0.0295,0.0315,0.129,0.226,118.02,3,207966,45,2020
Blood Magic,Daniel Deluxe,0.582,0.869,2,-7.114,1,0.0322,1.51e-4,0.141,0.0917,0.0715,105.001,4,214874,51,2016
Pacific Coast Highway,Fukkk Offf,0.488,0.778,9,-5.137,1,0.0434,1e-4,0.747,0.461,0.317,95.089,4,204631,51,2018
Blade Runner - End Titles,Vangelis,0.441,0.655,5,-15.734,0,0.0363,0.00237,0.96,0.24,0.149,113.108,4,279373,52,1994
All My Heroes,Naeleck;Sarah Rebecca,0.586,0.62,11,-4.992,1,0.0327,0.421,0.0509,0.103,0.152,82.978,4,286265,46,2020
66 MHz,Waveshaper,0.541,0.906,9,-5.179,0,0.0446,0.0124,0.482,0.324,0.184,114.018,4,234066,50,2017
Synthetic,Duke & Jones,0.577,0.549,1,-14.355,1,0.0318,0.829,0.881,0.0848,0.0502,118.015,4,201355,48,2020
Holograms,M83,0.243,0.299,5,-13.986,1,0.0308,0.905,0.953,0.0798,0.0791,75.011,3,214903,0,2013
Cyberworld,Boisterous Pop,0.626,0.951,6,-5.181,0,0.0367,0.0482,0.742,0.192,0.34,96.033,4,191250,45,2019
Burn Out,Imagine Dragons,0.588,0.494,10,-8.831,0,0.0536,0.0213,7.2e-5,0.0966,0.291,135.004,4,273880,62,2018
Don't Threaten Me with a Good Time,Panic! At The Disco,0.559,0.895,1,-4.476,0,0.0832,0.0154,0,0.175,0.59,183.825,4,213093,69,2016
Take Over,League of Legends;MAX;Jeremy McKinnon of A Day To Remember;Henry,0.446,0.73,6,-3.916,0,0.17,0.18,0,0.118,0.39,107.918,3,213853,74,2020
Level of Concern,Twenty One Pilots,0.754,0.583,4,-7.34,0,0.0432,0.32,1.5e-4,0.144,0.77,122.012,4,220051,77,2020
Warriors,Imagine Dragons,0.365,0.851,4,-6.238,0,0.0645,0.0964,0.003,0.237,0.309,78.086,4,171040,72,2015
Into the Unknown - Panic! At The Disco Version,Panic! At The Disco,0.456,0.828,1,-6.225,1,0.077,0.0244,0,0.21,0.313,116.719,4,189132,72,2019
Centuries,Fall Out Boy,0.393,0.858,4,-2.868,0,0.0729,0.00359,0,0.102,0.56,176.042,4,228360,80,2015
My Demons,STARSET,0.274,0.652,5,-6.196,0,0.0625,0.00768,6.42e-5,0.108,0.1,173.008,4,288036,74,2014
Born For This,The Score,0.631,0.684,5,-6.27,0,0.0405,0.0576,0,0.0938,0.528,129.974,4,234013,68,2019
Mouth Of The River,Imagine Dragons,0.483,0.907,8,-7.015,1,0.0413,0.00183,0.0509,0.152,0.296,96.014,4,221560,63,2017
Bang!,AJR,0.74,0.516,1,-6.233,0,0.0507,0.0183,0,0.0558,0.698,139.918,4,170858,67,2020
Thnks fr th Mmrs,Fall Out Boy,0.459,0.891,10,-5.057,0,0.0623,0.00511,0,0.106,0.588,154.837,4,203506,76,2007
Awaken,League of Legends;Valerie Broussard;Ray Chen,0.0993,0.626,9,-8.212,0,0.0467,0.00499,0.00161,0.0741,0.0399,49.452,5,198187,70,2019
Better Days,OneRepublic,0.626,0.726,5,-5.015,1,0.0376,0.235,0,0.304,0.257,89.132,4,144530,76,2020
Who We Are,Imagine Dragons,0.407,0.656,6,-7.088,0,0.0413,0.00746,0.255,0.343,0.39,173.954,4,249346,58,2015
Victorious,Panic! At The Disco,0.57,0.865,8,-4.518,1,0.0472,0.00205,0,0.404,0.691,110.01,4,178600,70,2016
Lane Boy,Twenty One Pilots,0.616,0.811,7,-4.804,1,0.0626,0.0573,1.57e-5,0.0566,0.913,159.929,4,253093,69,2015
Wherever You Are,Kodaline,0.514,0.612,4,-5.981,1,0.0298,0.142,0,0.0868,0.342,125.99,4,185004,72,2020
"Dance, Dance",Fall Out Boy,0.622,0.961,11,-3.198,0,0.154,0.00523,0,0.0854,0.449,114.452,4,180266,74,2005
Gold,Imagine Dragons,0.416,0.459,9,-6.814,0,0.0317,0.0801,0.00653,0.0551,0.286,164.929,3,216813,57,2015
Play with Fire (feat. Yacht Money),Sam Tinnesz;Yacht Money,0.573,0.539,2,-6.091,0,0.0322,0.0162,1.16e-5,0.105,0.39,75.012,4,180690,74,2017
Stronger,The Score,0.267,0.67,2,-4.688,0,0.0807,0.0232,0,0.312,0.114,191.883,3,190986,67,2019
Phoenix,League of Legends;Cailin Russo;Chrissy Costanza,0.42,0.723,10,-6.86,0,0.175,0.0638,1.17e-5,0.123,0.288,167.806,4,197633,75,2019
Emperor's New Clothes,Panic! At The Disco,0.562,0.904,1,-4.947,1,0.0807,0.00302,0,0.0433,0.651,94.481,4,158666,71,2016
Machine,Imagine Dragons,0.638,0.679,4,-5.278,1,0.0425,0.0016,0.00655,0.121,0.596,81.045,4,181880,66,2018
Father of All...,Green Day,0.462,0.912,11,-4.07,0,0.226,1.38e-4,0,0.0357,0.722,163.937,4,151362,0,2019
S01E02.Return.Of.The.Arsonist.720p.HDTV.x264,Blood Command,0.481,0.916,7,-4.836,0,0.0731,1.46e-4,3.19e-5,0.273,0.348,92.471,4,181979,36,2019
Reckless Paradise,Billy Talent,0.383,0.971,2,-2.468,0,0.163,4.43e-4,0,0.323,0.671,187.968,4,204076,61,2020
All My Friends Are Nobodies,zebrahead,0.553,0.966,8,-3.097,1,0.074,5.48e-4,4.06e-5,0.197,0.609,107.97,4,183242,43,2019
Out For Blood,Sum 41,0.553,0.868,6,-4.186,0,0.048,7.35e-5,0.0359,0.0934,0.5,140.047,4,216571,2,2019
"Broken Dreams, Inc.",Rise Against,0.324,0.976,1,-5.231,1,0.12,1.13e-4,0,0.293,0.463,166.939,4,231938,61,2020
Why Worry,Set It Off,0.667,0.908,1,-5.004,0,0.0514,0.0376,0,0.145,0.656,105.011,4,199253,55,2014
"Fire, Ready, Aim",Green Day,0.448,0.925,11,-3.839,1,0.045,3.22e-5,0,0.392,0.917,156.053,4,112939,52,2019
Chelsea,Dragged Under,0.456,0.971,1,-3.756,0,0.0424,5.07e-5,4.36e-5,0.404,0.795,155.032,4,162913,0,2020
American Attraction,Anti-Flag,0.597,0.907,0,-3.878,1,0.0519,1.01e-4,0,0.116,0.659,119.975,4,176373,51,2017
If You're Looking for Your Knife...I Think My Back Found It,zebrahead,0.555,0.961,10,-3.122,0,0.1,1.97e-4,4.4e-4,0.261,0.612,107.979,4,200018,39,2019
"You're Gonna Go Far, Kid",The Offspring,0.55,0.918,9,-3.159,0,0.0682,0.00466,0,0.206,0.563,126.083,4,177826,0,2008
Trash Bat,AFI,0.633,0.973,0,-1.541,1,0.0637,0.00121,0.0551,0.113,0.76,102.484,4,127625,37,2018
Hrsa,Bowling For Soup,0.515,0.963,0,-3.097,1,0.0949,0.0531,0,0.342,0.418,123.857,4,215824,33,2019
Na Na Na (Na Na Na Na Na Na Na Na Na),My Chemical Romance,0.411,0.986,8,-2.522,0,0.0583,2.64e-4,0.00148,0.371,0.649,165.981,4,205960,69,2010
Gone Away,Nomy,0.487,0.92,1,-1.553,1,0.0393,9.72e-5,0,0.0548,0.316,110.995,4,270810,0,2020
A Million Miles,Goldfinger,0.49,0.955,11,-3.69,0,0.0951,8.16e-4,2.01e-6,0.109,0.423,97.567,4,124822,45,2017
The Perfect Crime,zebrahead,0.328,0.974,9,-2.863,1,0.169,0.00123,0,0.3,0.334,194.198,4,206826,48,2019
Gave You Everything,The Interrupters,0.445,0.967,2,-4.009,1,0.0896,1.12e-4,7.36e-4,0.295,0.476,163.078,4,187515,52,2018
Get Dark,AFI,0.545,0.923,9,-1.793,0,0.0444,2.96e-4,1.16e-4,0.0965,0.685,102.005,4,160923,34,2018
Quarantine,blink-182,0.45,0.879,6,-3.489,0,0.0456,0.00161,0,0.257,0.704,95.043,4,122609,55,2020
Knockin' On Heaven's Door,Bob Dylan,0.513,0.396,7,-13.061,1,0.0299,0.251,0.177,0.11,0.229,140.208,4,149880,72,1973
Surfin' U.S.A. - Remastered,The Beach Boys,0.55,0.854,3,-5.968,1,0.036,0.661,0,0.112,0.965,159.231,4,149373,70,1963
Main Titles,Ramin Djawadi,0.194,0.695,8,-10.809,1,0.0578,0.176,0.893,0.12,0.481,170.684,3,111208,56,2016
Another Love,Tom Odell,0.445,0.537,4,-8.532,0,0.04,0.695,1.6e-5,0.0944,0.131,122.764,4,244360,78,2013
Halo,Beyoncé,0.508,0.72,11,-5.908,0,0.0628,0.272,0,0.0563,0.472,79.983,4,261640,67,2008
Crazy In Love (feat. Jay-Z),Beyoncé;JAY-Z,0.664,0.758,2,-6.583,0,0.21,0.00238,0,0.0598,0.701,99.259,4,235933,72,2003
Formation,Beyoncé,0.896,0.621,5,-6.857,0,0.237,0.00532,0,0.196,0.818,121.966,4,206080,75,2016
Perfect Duet (Ed Sheeran & Beyoncé),Ed Sheeran;Beyoncé,0.587,0.299,8,-7.365,1,0.0263,0.779,0,0.123,0.356,94.992,3,259550,75,2017
Complicated,Avril Lavigne,0.585,0.776,5,-5.898,1,0.0459,0.0572,7.74e-6,0.3,0.427,77.987,4,244506,78,2002
Sk8er Boi,Avril Lavigne,0.487,0.9,0,-4.417,1,0.0482,6.79e-5,0,0.358,0.484,149.937,4,204000,75,2002
Girlfriend,Avril Lavigne,0.56,0.959,7,-2.433,1,0.102,7.38e-4,2.06e-4,0.209,0.67,163.983,4,216131,76,2007
What the Hell,Avril Lavigne,0.578,0.926,6,-3.689,0,0.0548,0.00472,0.0127,0.14,0.877,149.976,4,220706,74,2011
Head Above Water,Avril Lavigne,0.578,0.694,5,-5.351,1,0.0706,0.0112,0,0.102,0.268,129.921,4,220850,70,2019
Dog Days Are Over,Florence + The Machine,0.501,0.809,7,-5.264,1,0.0938,0.0338,0.00602,0.119,0.258,149.964,4,252818,73,2009
You've Got The Love,Florence + The Machine,0.574,0.694,6,-4.697,1,0.0327,0.00481,0,0.102,0.401,109.85,4,168666,70,2009
Shake It Out,Florence + The Machine,0.519,0.799,10,-4.207,1,0.0371,0.00878,0,0.107,0.226,107.489,4,277600,67,2011
Dusk Till Dawn - Radio Edit,ZAYN;Sia,0.258,0.437,11,-6.593,0,0.039,0.101,1.27e-6,0.106,0.0967,180.043,4,239000,82,2017
Together,Sia,0.521,0.877,7,-5.444,1,0.0683,0.0132,0.0806,0.0929,0.199,180.007,4,205207,80,2020
Let's Love,David Guetta;Sia,0.662,0.868,5,-4.025,1,0.0341,0.00882,0.00244,0.584,0.353,92.998,4,200645,82,2020
Chandelier,Sia,0.399,0.787,1,-2.88,1,0.0499,0.0197,6.07e-5,0.0685,0.572,117.089,5,216120,78,2014
Cheap Thrills,Sia,0.628,0.698,6,-5.608,0,0.105,0.0472,0.00143,0.0907,0.732,89.976,4,211666,61,2016
Someone Like You,Adele,0.554,0.321,9,-8.251,1,0.028,0.893,0,0.0996,0.288,135.047,4,285240,79,2011
Make You Feel My Love,Adele,0.559,0.172,10,-10.636,1,0.0291,0.907,3.83e-4,0.105,0.0955,77.025,4,212040,74,2008
Rolling in the Deep,Adele,0.73,0.77,8,-5.114,1,0.0298,0.138,0,0.0473,0.507,104.948,4,228093,76,2011
Set Fire to the Rain,Adele,0.603,0.67,2,-3.882,0,0.0249,0.00408,1.66e-6,0.112,0.445,107.995,4,242973,75,2011
When We Were Young,Adele,0.377,0.595,3,-5.936,1,0.0489,0.303,0,0.095,0.264,144.464,4,290900,75,2015
I Want to Know What Love Is - 1999 Remaster,Foreigner,0.477,0.471,6,-10.036,1,0.0277,0.193,1.76e-6,0.131,0.423,81.204,4,304786,78,1984
Waiting for a Girl like You,Foreigner,0.33,0.469,10,-9.286,0,0.0335,0.31,2.3e-6,0.0402,0.433,201.327,4,292066,70,1981
Juke Box Hero,Foreigner,0.357,0.653,9,-5.554,1,0.0654,0.0828,0,0.0844,0.522,176.647,4,259800,69,1981
Cold as Ice,Foreigner,0.516,0.486,3,-11.81,0,0.0272,0.0987,1.48e-6,0.143,0.471,132.542,4,200573,67,1977
Hot Blooded,Foreigner,0.705,0.806,0,-4.83,1,0.0814,0.229,0,0.0676,0.763,117.945,4,268693,63,1978
The Phoenix,Fall Out Boy,0.562,0.964,4,-2.991,0,0.072,5.39e-4,1.57e-6,0.579,0.41,138.063,4,244960,69,2013
Wolf in Sheep's Clothing,Set It Off;William Beckett,0.445,0.907,11,-3.894,0,0.0773,0.00161,0,0.403,0.71,165.069,4,187880,66,2014
Bob Dylan,Fall Out Boy,0.494,0.915,9,-3.623,1,0.0484,3.53e-4,0.0491,0.352,0.522,100.08,4,193040,55,2019
Don't Stop the Devil,Dead Posey,0.509,0.825,9,-3.627,1,0.0525,0.0022,2.67e-4,0.0961,0.653,102.999,4,189130,53,2018
You're Gonna Know My Name,Watt White,0.536,0.877,5,-7.861,1,0.0915,0.0218,0,0.0767,0.362,151.011,4,210774,55,2017
Sinners,Barns Courtney,0.505,0.856,7,-5.162,0,0.107,0.109,0,0.0845,0.41,94.989,4,173773,57,2018
Hero of Our Time,NateWantsToBattle,0.534,0.903,11,-4.529,0,0.0748,5.15e-5,1.78e-4,0.493,0.564,135.013,4,140444,61,2016
Catch Me If You Can,Set It Off,0.599,0.914,4,-4.926,0,0.0662,0.00246,9.21e-6,0.21,0.587,100.044,4,179685,52,2020
Any Other Way,We The Kings,0.457,0.924,11,-3.935,1,0.0604,0.0104,0,0.0847,0.434,77.457,4,224926,52,2013
E.T.,First to Eleven,0.447,0.827,5,-6.905,0,0.0452,2.76e-4,0.00388,0.337,0.502,154.972,4,258193,46,2019
Toss A Coin To Your Witcher,Sonya Belousova;Giona Ostinelli;Joey Batey,0.469,0.425,5,-9.474,0,0.0304,0.92,6.41e-5,0.144,0.481,103.128,4,190306,62,2020
Genius,Written by Wolves,0.593,0.924,9,-3.561,0,0.0741,5.64e-4,0,0.314,0.784,135.012,4,213777,51,2016
Finish Line,Skillet,0.53,0.803,5,-5.031,0,0.0386,0.0545,0,0.316,0.565,80.992,4,206060,62,2019
All Eyes on You,Smash Into Pieces,0.591,0.72,3,-6.181,0,0.0374,0.0482,5.14e-6,0.117,0.259,90.035,4,187333,53,2020
Bells,The Unlikely Candidates,0.383,0.713,7,-0.483,1,0.0393,0.282,0,0.11,0.261,76.959,4,190519,53,2018
Death of Me,SAINT PHNX,0.648,0.861,1,-4.178,1,0.0686,0.288,0,0.136,0.419,130.073,4,172733,54,2020
Arcadia,Smash Into Pieces,0.566,0.936,1,-2.286,0,0.0421,0.0122,0,0.433,0.486,107.016,4,171028,52,2020
Carry On,The Score;AWOLNATION,0.549,0.74,0,-5.564,1,0.0324,0.0215,5.72e-4,0.191,0.397,92.031,4,169171,63,2020
Pegasus Seiya,The Struts,0.456,0.859,8,-8.518,1,0.0547,6.81e-5,0.00523,0.149,0.499,165.042,4,204000,42,2019
Can't Go to Hell,Sin Shake Sin,0.642,0.956,4,-2.282,0,0.0542,0.00222,0,0.278,0.66,119.991,4,208253,56,2014
Monster,Imagine Dragons,0.483,0.768,3,-5.431,1,0.0732,0.209,6.46e-4,0.103,0.405,179.957,4,250506,64,2015
Under The Pressure,The Score,0.487,0.833,8,-5.383,1,0.267,0.00416,6.04e-5,0.241,0.537,191.929,4,207013,54,2019
Elastic Heart (Rock Version),Written by Wolves,0.479,0.872,6,-3.719,0,0.0515,7.33e-4,0,0.11,0.208,129.886,4,293538,53,2015
Your Turn to Roll (Critical Role Theme),Ashley Johnson;Laura Bailey;Sam Riegel,0.626,0.773,11,-6.176,0,0.0554,0.00423,0,0.218,0.768,114.03,4,86578,57,2018
Bad Apple!!,RichaadEB;Cristina Vee,0.573,0.94,1,-4.505,1,0.0479,8.64e-5,0.838,0.683,0.588,138.013,4,299130,63,2018
Made For This,City Wolf,0.467,0.858,1,-4.073,1,0.138,0.0445,0,0.333,0.79,78.63,4,208500,38,2020
This Is Our War,Halocene,0.301,0.625,2,-8.566,0,0.0518,0.0102,4.63e-5,0.109,0.218,184.036,3,227361,44,2019
Toss a Coin to Your Witcher (Metal Version),Dan Vasc,0.494,0.683,8,-7.786,1,0.0394,0.0151,0,0.156,0.349,103.741,4,188000,54,2020
Dear Future Self (Hands Up),Fall Out Boy;Wyclef Jean,0.535,0.925,7,-3.012,1,0.239,0.0032,3.59e-4,0.0316,0.949,169.901,4,170040,57,2019
Run Like A Rebel,The Score,0.528,0.65,3,-7.449,0,0.147,0.0211,6.68e-6,0.33,0.36,90.279,4,166388,47,2019
Animal In Me,Solence,0.507,0.881,5,-5.491,0,0.109,1.6e-4,0.00132,0.23,0.557,148.074,4,187321,56,2020
House of Memories,Panic! At The Disco,0.506,0.817,11,-5.051,0,0.0335,0.00272,0,0.0486,0.506,109.952,4,208706,73,2016
Toss a Coin to Your Witcher,Ghost Fight,0.46,0.964,10,-5.999,0,0.117,1.06e-4,0,0.08,0.306,104.933,4,168142,40,2020
The Greatest Show,Panic! At The Disco,0.546,0.839,6,-5.365,0,0.0784,0.00546,0,0.382,0.491,77.009,4,174306,66,2018
Lonely Dance,Set It Off,0.458,0.864,11,-4.513,0,0.0596,0.00638,0,0.289,0.458,93.131,4,190360,57,2019
I'm Dangerous,The EverLove,0.691,0.841,8,-7.026,0,0.0436,0.00438,4.44e-5,0.31,0.755,92.025,4,243329,59,2018
Best Part,The Score,0.501,0.699,2,-6.007,1,0.0374,1.56e-4,3.71e-5,0.203,0.312,159.987,4,177898,48,2020
My Name Is..,Once Monsters,0.53,0.75,0,-4.581,1,0.141,0.021,0,0.0542,0.731,170.285,4,222710,49,2019
Phantom,NateWantsToBattle,0.32,0.931,1,-5.323,1,0.156,0.00154,0,0.404,0.484,200.073,4,254400,52,2018
Six Feet,Patent Pending,0.702,0.911,9,-6.772,0,0.0781,0.196,0,0.18,0.76,115.968,4,200213,45,2015
In My Bones,The Score,0.579,0.678,3,-7.422,0,0.0289,1.33e-4,0.00114,0.132,0.453,84.076,4,169121,51,2019
Stay Frosty Royal Milk Tea,Fall Out Boy,0.461,0.869,1,-4.672,0,0.0731,6.16e-4,8.19e-6,0.25,0.649,145.919,4,171053,57,2018
Revolution,The Score,0.574,0.833,8,-6.239,0,0.0563,0.0611,0,0.105,0.574,86.008,4,231986,68,2017
Stand Up,The Cab,0.498,0.702,0,-7.833,1,0.0401,0.0193,3.68e-6,0.0669,0.542,79.3,4,263213,57,2014
Killer In The Mirror,Set It Off,0.551,0.948,1,-3.816,0,0.097,0.00524,0,0.408,0.693,90.033,4,215000,60,2019
Night of Your Life,WAR*HALL,0.63,0.809,7,-5.364,1,0.0367,0.0205,0,0.0393,0.605,106.018,4,260437,42,2018
Protector,City Wolf,0.718,0.717,5,-4.099,1,0.0412,0.0247,0,0.0565,0.531,112.007,4,201428,45,2019
Rule The World,Valley Of Wolves,0.615,0.852,11,-2.828,0,0.0687,0.249,7.97e-5,0.438,0.496,127.9,4,209999,47,2018
A Real Life,Greek Fire,0.457,0.948,5,-3.621,0,0.075,2.34e-4,0,0.0744,0.382,134.976,4,242199,49,2013
King of the World,WAR*HALL,0.618,0.735,0,-6.6,1,0.0634,0.0454,3.3e-4,0.25,0.528,76.522,4,219946,51,2018
Wolves,Sam Tinnesz;Silverberg,0.592,0.848,11,-5.631,0,0.0887,0.00134,1.15e-6,0.0964,0.399,129.9,4,180004,57,2017
Ready Set Let's Go,Sam Tinnesz,0.445,0.67,11,-4.973,1,0.0328,0.117,0,0.0595,0.378,74.049,4,216142,59,2016
Broken Bones,KALEO,0.779,0.486,5,-7.205,1,0.193,0.802,5.76e-5,0.0992,0.654,123.993,4,245960,63,2016
Glass House,KALEO,0.358,0.92,6,-2.843,1,0.218,1.3e-4,0.0118,0.0765,0.493,99.919,4,241546,55,2016
Hot Blood,KALEO,0.325,0.903,2,-3.173,1,0.117,0.00327,6.13e-6,0.0962,0.401,148.446,4,218600,62,2016
All the Pretty Girls,KALEO,0.466,0.496,1,-6.606,1,0.0302,0.626,6.22e-6,0.117,0.352,74.747,4,269893,69,2016
Vor í Vaglaskógi,KALEO,0.336,0.345,5,-6.456,0,0.029,0.744,6.01e-6,0.182,0.0756,92.502,4,277266,58,2016
Save Yourself,KALEO,0.529,0.338,8,-8.608,1,0.035,0.515,9.26e-6,0.124,0.111,120.436,4,273880,60,2016
I Can't Go on Without You,KALEO,0.368,0.267,8,-9.395,0,0.0428,0.655,2.24e-5,0.0834,0.194,91.88,4,377000,65,2016
42,Mumford & Sons,0.331,0.523,5,-8.321,1,0.0375,0.227,0.00114,0.144,0.305,87.782,4,240938,50,2018
Guiding Light,Mumford & Sons,0.553,0.711,7,-7.714,1,0.0453,0.063,8.41e-6,0.0759,0.299,99.997,4,217633,62,2018
Woman,Mumford & Sons,0.592,0.555,1,-10.499,0,0.0381,0.662,0.452,0.111,0.142,156.957,4,274552,62,2018
Beloved,Mumford & Sons,0.445,0.773,2,-7.227,1,0.0441,0.00539,0.153,0.131,0.313,191.966,4,265096,58,2018
The Wild,Mumford & Sons,0.465,0.267,0,-14.264,1,0.0315,0.734,0.678,0.205,0.0757,132.002,4,331693,52,2018
October Skies,Mumford & Sons,0.468,0.182,0,-15.562,1,0.0401,0.837,0.0132,0.0678,0.0382,155.102,4,223685,48,2018
Slip Away,Mumford & Sons,0.503,0.598,2,-8.273,1,0.0362,0.128,0.0983,0.106,0.196,162.905,4,295156,53,2018
Rose Of Sharon,Mumford & Sons,0.67,0.567,2,-9.732,1,0.0357,0.328,0.015,0.0873,0.434,139.995,4,203700,47,2018
Picture You,Mumford & Sons,0.642,0.52,6,-10.925,1,0.0822,0.443,0.00714,0.153,0.32,159.883,4,243236,48,2018
Darkness Visible,Mumford & Sons,0.391,0.626,11,-9.286,0,0.071,0.0855,0.758,0.0667,0.217,160.222,4,191025,44,2018
If I Say,Mumford & Sons,0.44,0.492,2,-9.532,0,0.0359,0.264,0.0114,0.0917,0.0632,99.966,4,269867,49,2018
Wild Heart,Mumford & Sons,0.517,0.233,7,-14.427,0,0.0478,0.875,0.00247,0.0625,0.252,81.267,4,305427,46,2018
Forever,Mumford & Sons,0.388,0.371,11,-10.096,1,0.0405,0.386,5.93e-4,0.121,0.0958,137.693,4,276780,50,2018
Delta,Mumford & Sons,0.539,0.431,2,-10.117,1,0.0433,0.111,0.00262,0.0535,0.204,119.489,4,376239,53,2018
Alligator,Of Monsters and Men,0.581,0.934,8,-5.511,1,0.0547,1.69e-4,0.00297,0.0901,0.391,120.024,4,184026,61,2019
Ahay,Of Monsters and Men,0.533,0.697,8,-7.655,1,0.057,0.0123,3.33e-4,0.0999,0.396,168.153,4,176186,45,2019
Róróró,Of Monsters and Men,0.64,0.691,6,-6.062,0,0.025,0.0185,0.00103,0.0914,0.603,95.002,4,261333,46,2019
Waiting For The Snow,Of Monsters and Men,0.453,0.17,1,-13.082,1,0.0319,0.92,0,0.094,0.175,80.814,4,223346,44,2019
"Vulture, Vulture",Of Monsters and Men,0.65,0.801,2,-5.352,0,0.0349,0.00316,1.79e-6,0.09,0.376,106.066,4,176666,45,2019
Wild Roses,Of Monsters and Men,0.629,0.784,6,-6.377,0,0.0362,0.00904,5.43e-5,0.233,0.356,116.021,4,242760,56,2019
Stuck In Gravity,Of Monsters and Men,0.495,0.546,11,-8.878,1,0.0422,0.0182,5.26e-6,0.067,0.205,90.067,4,264226,46,2019
Sleepwalker,Of Monsters and Men,0.608,0.742,2,-6.111,1,0.0386,0.0266,6.74e-4,0.376,0.672,80.01,4,199040,45,2019
Wars,Of Monsters and Men,0.564,0.879,6,-6.242,0,0.0348,0.00594,2.13e-4,0.351,0.601,111.992,4,217120,56,2019
Under A Dome,Of Monsters and Men,0.568,0.673,7,-9.383,0,0.0373,0.00259,0.732,0.0929,0.303,120.026,4,273840,42,2019
Soothsayer,Of Monsters and Men,0.554,0.811,11,-6.397,0,0.0305,0.0014,0.0167,0.134,0.435,92.032,4,215453,43,2019
What's Up Danger (with Black Caviar),Blackway;Black Caviar,0.701,0.755,2,-5.82,1,0.0417,0.00363,7.95e-4,0.121,0.116,95.036,4,222306,76,2018
Sunflower - Spider-Man: Into the Spider-Verse,Post Malone;Swae Lee,0.76,0.479,2,-5.574,1,0.0466,0.556,0,0.0703,0.913,89.911,4,158040,85,2018
Way Up,Jaden,0.585,0.941,10,-3.278,0,0.145,0.03,8.41e-6,0.196,0.45,130.024,4,153773,67,2018
"Familia (with Anuel Aa, feat. Bantu) - Spider-Man: Into the Spider-Verse",Nicki Minaj;Anuel AA;Bantu,0.766,0.881,9,-5.158,0,0.137,0.0166,2.3e-6,0.347,0.674,112.027,5,174893,67,2018
Invincible,Aminé,0.724,0.6,10,-4.391,0,0.29,0.141,2.18e-4,0.104,0.466,86.984,4,196386,66,2018
Start a Riot,Duckwrth;Shaboozey,0.728,0.727,2,-3.585,1,0.206,0.0128,0,0.0882,0.89,143.144,4,171466,69,2018
Hide (feat. Seezyn),Juice WRLD;Seezyn,0.715,0.639,5,-5.017,0,0.0752,0.0622,0,0.157,0.151,149.996,4,205800,77,2018
Memories,Thutmose,0.567,0.651,5,-7.146,0,0.0554,0.0519,0,0.183,0.519,93.989,4,199146,65,2018
Save The Day (feat. Coi Leray & LouGotCash),Ski Mask The Slump God;Jacquees;Coi Leray;LouGotCash,0.871,0.751,6,-8.042,0,0.0788,0.00391,0,0.0853,0.787,139.984,4,178720,62,2018
Let Go,Beau Young Prince,0.764,0.725,7,-8.812,1,0.0576,0.463,5.91e-6,0.109,0.0794,100.063,4,177653,65,2018
Scared of the Dark (feat. XXXTENTACION),Lil Wayne;Ty Dolla $ign;XXXTENTACION,0.443,0.623,0,-6.717,0,0.0718,0.0468,0,0.247,0.156,79.365,4,233000,74,2018
"Elevate (feat. Denzel Curry, YBN Cordae, SwaVay, Trevor Rich)",DJ Khalil;Denzel Curry;Cordae;Swavay;Trevor Rich,0.58,0.935,6,-4.847,0,0.293,0.176,0,0.514,0.666,129.173,4,219400,68,2018
Home,Vince Staples;Richie Kohan,0.604,0.736,10,-5.596,0,0.0555,0.00608,0.109,0.11,0.345,118.012,4,211360,66,2018
2049,Hans Zimmer;Benjamin Wallfisch,0.0854,0.166,1,-19.743,1,0.0429,0.07,0.882,0.117,0.0258,66.695,3,217793,53,2017
Sapper's Tree,Hans Zimmer;Benjamin Wallfisch,0.168,0.138,0,-22.357,1,0.0544,0.941,0.947,0.0651,0.0311,74.292,4,96605,44,2017
Flight to LAPD,Hans Zimmer;Benjamin Wallfisch,0.474,0.403,1,-20.654,1,0.0421,0.216,0.903,0.106,0.193,179.965,3,107853,44,2017
Summer Wind,Frank Sinatra,0.41,0.44,8,-8.893,1,0.0256,0.433,0,0.165,0.582,88.482,4,174840,0,2017
Rain,Hans Zimmer;Benjamin Wallfisch,0.232,0.0721,7,-27.532,1,0.0569,0.991,0.926,0.052,0.0319,67.919,4,146271,52,2017
Wallace,Hans Zimmer;Benjamin Wallfisch,0.164,0.182,8,-21.879,1,0.0413,0.607,0.795,0.113,0.0265,110.274,3,323754,44,2017
Memory,Hans Zimmer;Benjamin Wallfisch,0.0616,0.207,7,-21.33,0,0.0595,0.875,0.943,0.0669,0.0271,68.67,4,152934,47,2017
Mesa,Hans Zimmer;Benjamin Wallfisch,0.129,0.176,0,-17.802,1,0.0388,0.168,0.876,0.124,0.0323,83.881,3,190081,44,2017
Orphanage,Hans Zimmer;Benjamin Wallfisch,0.172,0.0438,3,-24.02,1,0.0447,0.359,0.833,0.0906,0.0325,82.943,1,73510,40,2017
Furnace,Hans Zimmer;Benjamin Wallfisch,0.128,0.206,1,-22.215,1,0.0526,0.332,0.919,0.0935,0.0364,74.508,3,221797,40,2017
Someone Lived This,Hans Zimmer;Benjamin Wallfisch,0.16,0.0832,8,-17.967,1,0.0556,0.0925,0.884,0.0774,0.0239,71.152,4,193620,41,2017
Joi,Hans Zimmer;Benjamin Wallfisch,0.0799,0.19,0,-22.121,1,0.0511,0.912,0.861,0.0847,0.0291,68.715,3,231918,43,2017
Pilot,Hans Zimmer;Benjamin Wallfisch,0.247,0.34,3,-23.026,1,0.0613,0.892,0.928,0.106,0.0176,108.034,4,137127,39,2017
Suspicious Minds,Elvis Presley,0.491,0.419,7,-9.539,1,0.03,0.0354,5.41e-6,0.169,0.723,118.255,4,262719,39,2017
Can't Help Falling in Love,Elvis Presley;The Jordanaires,0.403,0.293,2,-13.886,1,0.0274,0.947,2.16e-4,0.106,0.34,100.238,3,182116,39,2017
One For My Baby (And One More For The Road),Frank Sinatra,0.339,0.0318,4,-19.548,1,0.0405,0.988,0.0022,0.104,0.199,176.55,3,264373,0,2017
Hijack,Hans Zimmer;Benjamin Wallfisch,0.158,0.37,10,-17.535,1,0.0468,0.0388,0.858,0.128,0.0344,136.88,4,332908,38,2017
That's Why We Believe,Hans Zimmer;Benjamin Wallfisch,0.0833,0.121,7,-25.488,0,0.0395,0.938,0.936,0.121,0.0325,75.562,3,216798,40,2017
Her Eyes Were Green,Hans Zimmer;Benjamin Wallfisch,0.0631,0.0768,8,-26.855,1,0.0401,0.876,0.929,0.0854,0.0286,67.105,4,377690,38,2017
Sea Wall,Hans Zimmer;Benjamin Wallfisch,0.187,0.355,1,-12.213,1,0.0389,0.00366,0.685,0.105,0.0317,108.567,5,592961,42,2017
All the Best Memories Are Hers,Hans Zimmer;Benjamin Wallfisch,0.0978,0.0122,0,-31.02,1,0.0415,0.97,0.967,0.0856,0.0311,67.991,5,202214,41,2017
Tears in the Rain,Hans Zimmer;Benjamin Wallfisch,0.193,0.306,0,-17.996,1,0.0429,0.654,0.859,0.0822,0.0316,116.493,3,130543,51,2017
Blade Runner,Hans Zimmer;Benjamin Wallfisch,0.211,0.266,0,-15.742,1,0.0378,0.216,0.86,0.117,0.0323,108.903,5,605933,48,2017
Almost Human - from the Original Motion Picture Soundtrack Blade Runner 2049,Lauren Daigle,0.566,0.562,8,-6.163,0,0.0552,0.519,0,0.095,0.274,143.984,4,202347,36,2017
The Great Die-Off,Rise Against,0.383,0.968,6,-4.339,1,0.0731,0.00167,8.6700000000000007e-05,0.277,0.499,143.74,4,219603,37,2020
I Don’t Want To Be Here Anymore,Rise Against,0.243,0.967,6,-4.557,0,0.0937,8.18e-4,2.33e-5,0.157,0.457,158.704,4,239960,39,2020
Tragedy + Time,Rise Against,0.265,0.963,8,-4.083,1,0.117,8.94e-4,1.58e-5,0.126,0.573,175.717,4,257006,38,2020
The Black Market,Rise Against,0.256,0.953,0,-4.595,0,0.131,2.45e-4,0,0.342,0.357,144.272,4,255951,37,2020
The Eco-Terrorist In Me,Rise Against,0.228,0.991,10,-4.137,0,0.163,9.47e-5,0.00138,0.236,0.309,171.442,4,165248,36,2020
Sudden Life,Rise Against,0.26,0.886,6,-4.055,1,0.0504,0.00221,0,0.251,0.352,142.639,4,248455,35,2020
A Beautiful Indifference,Rise Against,0.276,0.967,5,-3.867,0,0.0742,6.26e-5,6.92e-6,0.101,0.519,108.598,4,204848,35,2020
Methadone,Rise Against,0.327,0.941,0,-4.994,0,0.11,0.00322,1.39e-5,0.08,0.371,165.862,4,228706,35,2020
Zero Visibility,Rise Against,0.211,0.934,3,-4.439,0,0.108,7.48e-4,1.61e-4,0.175,0.362,182.674,3,278339,35,2020
Awake Too Long,Rise Against,0.396,0.993,1,-3.742,1,0.0975,5.84e-4,0,0.0869,0.464,148.303,4,191987,34,2020
People Live Here,Rise Against,0.328,0.449,11,-6.91,1,0.0331,0.44,0,0.146,0.289,82.612,3,248991,35,2020
Bridges,Rise Against,0.278,0.985,0,-3.711,0,0.117,3.56e-4,9.25e-6,0.101,0.366,126.189,1,246932,34,2020
Escape Artists,Rise Against,0.236,0.966,6,-3.916,1,0.0958,5.15e-4,5.28e-5,0.128,0.455,101.728,4,242740,47,2020
About Damn Time,Rise Against,0.196,0.991,8,-3.783,0,0.165,2.29e-4,4.6e-4,0.112,0.432,157.353,4,216982,43,2020
We Will Never Forget,William Potter,0.671,0.0982,8,-35.029,1,0.666,0.52,0,0.311,0.469,124.492,3,363903,30,2020
Main Title,John Williams;London Symphony Orchestra,0.243,0.417,0,-11.73,1,0.0392,0.684,0.912,0.13,0.175,99.805,4,324226,28,1977
Imperial Attack,John Williams;London Symphony Orchestra,0.168,0.181,4,-15.593,1,0.0358,0.888,0.888,0.0798,0.0377,81.695,4,378320,23,1977
Princess Leia's Theme,John Williams;London Symphony Orchestra,0.0784,0.0649,5,-18.985,1,0.0425,0.857,0.951,0.0712,0.0308,73.13,3,263226,24,1977
The Desert and the Robot Auction,John Williams;London Symphony Orchestra,0.271,0.0329,1,-24.583,1,0.0372,0.817,0.871,0.0775,0.054,118.569,4,172320,19,1977
Ben's Death and TIE Fighter Attack,John Williams;London Symphony Orchestra,0.346,0.322,2,-13.737,0,0.0449,0.759,0.93,0.0931,0.0976,73.897,5,233760,20,1977
The Little People Work,John Williams;London Symphony Orchestra,0.449,0.0534,7,-24.646,1,0.0332,0.896,0.518,0.216,0.0584,115.118,4,248333,16,1977
Rescue of the Princess,John Williams;London Symphony Orchestra,0.29,0.361,4,-14.791,0,0.0422,0.798,0.765,0.116,0.139,136.566,4,287506,16,1977
Inner City,John Williams;London Symphony Orchestra,0.223,0.0757,5,-18.807,1,0.0366,0.849,0.9,0.13,0.0398,104.036,3,254533,17,1977
Cantina Band,John Williams;London Symphony Orchestra,0.699,0.419,0,-15.133,1,0.134,0.255,0.0239,0.0471,0.822,131.629,4,164306,44,1977
The Land of the Sand People,John Williams;London Symphony Orchestra,0.299,0.173,2,-18.186,0,0.0522,0.898,0.616,0.123,0.0381,148.621,4,175786,16,1977
Mouse Robot and Blasting Off,John Williams;London Symphony Orchestra,0.156,0.156,2,-17.088,0,0.038,0.747,0.463,0.172,0.0566,74.83,4,243880,14,1977
The Return Home,John Williams;London Symphony Orchestra,0.0933,0.131,1,-17.31,1,0.0384,0.859,0.437,0.0761,0.0345,77.046,3,171893,16,1977
The Walls Converge,John Williams;London Symphony Orchestra,0.197,0.108,2,-20.444,1,0.036,0.859,0.749,0.131,0.0751,96.387,3,276480,14,1977
The Princess Appears,John Williams;London Symphony Orchestra,0.185,0.0599,8,-27.514,1,0.0428,0.956,0.872,0.125,0.0393,77.707,1,247493,21,1977
The Last Battle,John Williams;London Symphony Orchestra,0.292,0.249,2,-14.242,0,0.036,0.82,0.836,0.36,0.11,136.715,4,729160,17,1977
The Throne Room and End Title,John Williams;London Symphony Orchestra,0.297,0.372,0,-11.987,1,0.0331,0.786,0.88,0.0758,0.191,57.633,4,334426,32,1977
"Dvorák: Symphony No. 1 in C Minor, B. 9, ""The Bells of Zlonice"": I. Allegro",Antonín Dvořák;José Serebrier;Bournemouth Symphony Orchestra,0.245,0.237,0,-14.245,0,0.0372,0.951,0.909,0.114,0.084,142.588,3,1219786,12,2015
"Dvorák: Symphony No. 1 in C Minor, B. 9, ""The Bells of Zlonice"": II. Adagio di molto",Antonín Dvořák;José Serebrier;Bournemouth Symphony Orchestra,0.0824,0.0878,8,-21.286,1,0.0446,0.964,0.883,0.124,0.0404,56.941,4,781546,9,2015
"Dvorák: Symphony No. 1 in C Minor, B. 9, ""The Bells of Zlonice"": III. Allegretto",Antonín Dvořák;José Serebrier;Bournemouth Symphony Orchestra,0.293,0.202,0,-15.59,0,0.032,0.956,0.885,0.121,0.233,89.219,4,556906,9,2015
"Dvorák: Symphony No. 1 in C Minor, B. 9, ""The Bells of Zlonice"": IV. Finale (Allegro animato)",Antonín Dvořák;José Serebrier;Bournemouth Symphony Orchestra,0.277,0.302,0,-12.267,1,0.0368,0.924,0.897,0.164,0.159,136.784,4,820000,20,2015
"Dvorák: Slavonic Dance No. 4 in D-Flat Major, Op. 72: Allegro",Antonín Dvořák;José Serebrier;Bournemouth Symphony Orchestra,0.148,0.0795,1,-19.677,1,0.0398,0.971,0.886,0.107,0.0475,170.902,3,313280,6,2015
"Dvorák: Slavonic Dance No. 8 in A-Flat Major, Op .72: Grazioso e lento, ma non troppo, quasi tempo di valse",Antonín Dvořák;José Serebrier;Bournemouth Symphony Orchestra,0.221,0.0593,8,-19.904,1,0.0392,0.938,0.861,0.0642,0.0602,110.662,3,407209,6,2015
"Dvorák: 8 Slavonic Dances, Op. 46, B. 83: No. 3 in A-Flat Major",Antonín Dvořák;José Serebrier;Bournemouth Symphony Orchestra,0.147,0.151,8,-18.121,1,0.0354,0.965,0.892,0.0613,0.108,73.906,4,309306,5,2015
"Dvorák: 8 Slavonic Dances, Op. 72, B. 147: No. 15 in C Major",Antonín Dvořák;José Serebrier;Bournemouth Symphony Orchestra,0.328,0.313,7,-14.605,1,0.0365,0.95,0.913,0.201,0.386,141.407,4,217720,5,2015
"Dvorák: 8 Slavonic Dances, Op. 46, B. 83: No. 4 in F Major",Antonín Dvořák;José Serebrier;Bournemouth Symphony Orchestra,0.415,0.119,2,-17.173,1,0.0386,0.973,0.861,0.0635,0.205,124.44,3,323093,5,2015
"Dvorák: Symphony No. 2 in B-Flat Major, Op. 4, B. 12: I. Allegro con moto",Antonín Dvořák;José Serebrier;Bournemouth Symphony Orchestra,0.262,0.218,10,-15.767,1,0.0385,0.965,0.901,0.05,0.0665,118.128,4,913880,7,2015
"Dvorák: Symphony No. 2 in B-Flat Major, Op. 4, B. 12: II. Poco adagio",Antonín Dvořák;José Serebrier;Bournemouth Symphony Orchestra,0.0886,0.0742,10,-22.165,1,0.0431,0.978,0.888,0.109,0.0362,75.989,4,793160,6,2015
"Dvorák: Symphony No. 2 in B-Flat Major, Op. 4, B. 12: III. Scherzo (Allegro con brio)",Antonín Dvořák;José Serebrier;Bournemouth Symphony Orchestra,0.258,0.166,10,-17.434,1,0.0384,0.973,0.917,0.104,0.0584,137.903,3,710053,6,2015
"Dvorák: Symphony No. 2 in B-Flat Major, Op. 4, B. 12: IV. Finale (Allegro con fuoco)",Antonín Dvořák;José Serebrier;Bournemouth Symphony Orchestra,0.271,0.248,10,-15.679,1,0.0402,0.973,0.902,0.156,0.126,108.711,4,656040,5,2015
"Dvorák: Symphony No. 3 in E-Flat Major, Op. 10, B. 34: I. Allegro moderato",Antonín Dvořák;José Serebrier;Bournemouth Symphony Orchestra,0.234,0.125,3,-16.342,1,0.0351,0.968,0.922,0.0775,0.0422,103.864,3,661346,5,2015
"Dvorák: Symphony No. 3 in E-Flat Major, Op. 10, B. 34: II. Adagio molto",Antonín Dvořák;José Serebrier;Bournemouth Symphony Orchestra,0.0962,0.041,1,-24.238,1,0.0429,0.98,0.894,0.119,0.0358,71.139,4,917226,5,2015
"Dvorák: Symphony No. 3 in E-Flat Major, Op. 10, B. 34: III. Finale (Allegro vivace)",Antonín Dvořák;José Serebrier;Bournemouth Symphony Orchestra,0.395,0.185,10,-16.148,1,0.0346,0.951,0.757,0.197,0.158,98.594,4,472653,5,2015
"Dvorák: Symphony No. 6 in D Major, Op. 60, B. 112: I. Allegro non tanto",Antonín Dvořák;José Serebrier;Bournemouth Symphony Orchestra,0.295,0.0632,2,-19.094,1,0.0377,0.968,0.888,0.121,0.0938,141.353,3,1010466,6,2015
"Dvorák: Symphony No. 6 in D Major, Op. 60, B. 112: II. Adagio",Antonín Dvořák;José Serebrier;Bournemouth Symphony Orchestra,0.0833,0.0168,10,-25.357,1,0.0408,0.974,0.907,0.173,0.0369,79.152,4,671293,7,2015
"Dvorák: Symphony No. 6 in D Major, Op. 60, B. 112: III. Scherzo (Furiant. Presto)",Antonín Dvořák;José Serebrier;Bournemouth Symphony Orchestra,0.386,0.0674,2,-19.234,1,0.0424,0.968,0.861,0.0536,0.161,139.962,3,469560,6,2015
"Dvorák: Symphony No. 6 in D Major, Op. 60, B. 112: IV. Finale (Allegro con spirito)",Antonín Dvořák;José Serebrier;Bournemouth Symphony Orchestra,0.391,0.177,2,-16.313,1,0.0355,0.959,0.866,0.174,0.268,111.932,4,597400,5,2015
"Dvorák: Symphony No. 5 in F Major, Op. 76, B. 54: I. Allegro ma non troppo",Antonín Dvořák;José Serebrier;Bournemouth Symphony Orchestra,0.269,0.104,5,-17.6,1,0.0386,0.972,0.934,0.115,0.064,120.523,4,730146,5,2015
"Dvorák: Symphony No. 5 in F Major, Op. 76, B. 54: II. Andante con moto",Antonín Dvořák;José Serebrier;Bournemouth Symphony Orchestra,0.171,0.0798,9,-22.953,0,0.0402,0.971,0.898,0.127,0.0464,138.807,4,431866,5,2015
"Dvorák: Symphony No. 5 in F Major, Op. 76, B. 54: III. Scherzo (Allegro scherzando)",Antonín Dvořák;José Serebrier;Bournemouth Symphony Orchestra,0.27,0.0867,10,-20.311,1,0.0385,0.973,0.797,0.103,0.159,86.241,4,455733,5,2015
"Dvorák: Symphony No. 5 in F Major, Op. 76, B. 54: IV. Finale (Allegro molto)",Antonín Dvořák;José Serebrier;Bournemouth Symphony Orchestra,0.272,0.147,5,-16.452,1,0.0359,0.958,0.953,0.121,0.0416,68.749,4,764973,5,2015
"Dvorák: Symphony No. 4 in D Minor, Op. 13, B. 41: I. Allegro",Antonín Dvořák;José Serebrier;Bournemouth Symphony Orchestra,0.263,0.124,10,-17.49,1,0.0333,0.955,0.934,0.11,0.0809,134.651,3,764133,6,2015
"Dvorák: Symphony No. 4 in D Minor, Op. 13, B. 41: II. Allegro sostenuto e molto cantabile",Antonín Dvořák;José Serebrier;Bournemouth Symphony Orchestra,0.164,0.0632,10,-25.417,1,0.041,0.973,0.927,0.109,0.0382,131.544,4,588813,4,2015
"Dvorák: Symphony No. 4 in D Minor, Op. 13, B. 41: III. Scherzo (Allegro feroce)",Antonín Dvořák;José Serebrier;Bournemouth Symphony Orchestra,0.327,0.173,7,-18.696,1,0.0398,0.961,0.772,0.0864,0.178,64.594,4,373253,5,2015
"Dvorák: Symphony No. 4 in D Minor, Op. 13, B. 41: IV. Finale (Allegro con brio)",Antonín Dvořák;José Serebrier;Bournemouth Symphony Orchestra,0.234,0.169,2,-17.484,1,0.0322,0.94,0.929,0.11,0.14,87.346,4,533584,5,2015
Dvorák : 8 Slavonic Dances Op.46 : No.8 in G minor,Antonín Dvořák;José Serebrier;Bournemouth Symphony Orchestra,0.384,0.15,7,-16.638,1,0.0355,0.796,0.482,0.189,0.438,130.996,3,276986,3,2015
"Dvorák: Symphony No. 7 in D Minor, Op.70, B. 141: I. Allegro maestoso",Antonín Dvořák;José Serebrier;Bournemouth Symphony Orchestra,0.185,0.122,10,-18.186,1,0.0377,0.951,0.921,0.202,0.0579,92.456,3,631533,7,2015
"Dvorák: Symphony No. 7 in D Minor, Op.70, B. 141: II. Poco adagio",Antonín Dvořák;José Serebrier;Bournemouth Symphony Orchestra,0.157,0.0466,5,-21.211,1,0.0405,0.971,0.885,0.122,0.037,137.556,3,575800,6,2015
"Dvorák: Symphony No. 7 in D Minor, Op.70, B. 141: III. Scherzo (Vivace)",Antonín Dvořák;José Serebrier;Bournemouth Symphony Orchestra,0.291,0.0889,2,-18.156,0,0.037,0.952,0.894,0.11,0.0803,111,3,464920,7,2015
"Dvorák: Symphony No. 7 in D Minor, Op.70, B. 141: IV. Finale (Allegro)",Antonín Dvořák;José Serebrier;Bournemouth Symphony Orchestra,0.315,0.203,9,-16.577,1,0.0341,0.932,0.885,0.107,0.125,103.468,4,537840,6,2015
"Dvorák: In Nature's Realm, Op. 91, B. 168",Antonín Dvořák;José Serebrier;Bournemouth Symphony Orchestra,0.167,0.0448,5,-21.096,1,0.0424,0.939,0.769,0.182,0.0571,179.32,3,904053,4,2015
"Dvorák: Scherzo capriccioso, Op. 66, B. 131",Antonín Dvořák;José Serebrier;Bournemouth Symphony Orchestra,0.252,0.0857,2,-19.617,1,0.0386,0.925,0.803,0.117,0.0393,106.192,4,937133,4,2015
"Dvorák: 10 Legends, Op. 59, B. 122: No. 1 in D Minor","Antonín Dvořák;José Serebrier, Bournemouth Symphony Orchestra;Bournemouth Symphony Orchestra;José Serebrier",0.17,0.0692,2,-16.707,0,0.0385,0.985,0.854,0.177,0.0984,172.566,4,208200,4,2015
"Dvorák: 10 Legends, Op. 59, B. 122: No. 2 in G Major","Antonín Dvořák;José Serebrier, Bournemouth Symphony Orchestra;Bournemouth Symphony Orchestra;José Serebrier",0.095,0.0438,7,-21.295,1,0.041,0.99,0.943,0.0839,0.0583,72.38,3,257893,3,2015
"Dvorák: 10 Legends, Op. 59, B. 122: No. 3 in G Minor","Antonín Dvořák;José Serebrier, Bournemouth Symphony Orchestra;Bournemouth Symphony Orchestra;José Serebrier",0.228,0.0533,10,-22.289,1,0.0379,0.989,0.926,0.0747,0.0818,135.909,4,242760,3,2015
"Dvorák: 10 Legends, Op. 59, B. 122: No. 4 in C Major","Antonín Dvořák;José Serebrier, Bournemouth Symphony Orchestra;Bournemouth Symphony Orchestra;José Serebrier",0.268,0.108,0,-17.332,1,0.0375,0.983,0.928,0.11,0.0639,111.25,4,331586,3,2015
"Dvorák: 10 Legends, Op. 59, B. 122: No. 5 in A-Flat Major","Antonín Dvořák;José Serebrier, Bournemouth Symphony Orchestra;Bournemouth Symphony Orchestra;José Serebrier",0.101,0.0633,8,-24.546,1,0.0441,0.977,0.947,0.122,0.0633,78.753,4,253733,3,2015
"Dvorák: 10 Legends, Op. 59, B. 122: No. 6 in C-Sharp Minor","Antonín Dvořák;José Serebrier, Bournemouth Symphony Orchestra;Bournemouth Symphony Orchestra;José Serebrier",0.201,0.0404,8,-25.1,1,0.0432,0.982,0.926,0.102,0.0393,109.493,4,289080,4,2015
"Dvorák: 10 Legends, Op. 59, B. 122: No. 7 in A Major","Antonín Dvořák;José Serebrier, Bournemouth Symphony Orchestra;Bournemouth Symphony Orchestra;José Serebrier",0.363,0.0676,9,-20.232,1,0.0494,0.982,0.903,0.267,0.117,99.55,4,164893,3,2015
"Dvorák: 10 Legends, Op. 59, B. 122: No. 8 in F Major","Antonín Dvořák;José Serebrier, Bournemouth Symphony Orchestra;Bournemouth Symphony Orchestra;José Serebrier",0.277,0.046,5,-20.625,1,0.0368,0.99,0.861,0.344,0.101,110.809,4,228080,3,2015
"Dvorák: 10 Legends, Op. 59, B. 122: No. 9 in D Major","Antonín Dvořák;José Serebrier, Bournemouth Symphony Orchestra;Bournemouth Symphony Orchestra;José Serebrier",0.303,0.057,2,-20.37,1,0.0348,0.984,0.723,0.0963,0.0546,102.992,3,171773,3,2015
"Dvorák: 10 Legends, Op. 59, B. 122: No. 10 in B-Flat Minor","Antonín Dvořák;José Serebrier, Bournemouth Symphony Orchestra;Bournemouth Symphony Orchestra;José Serebrier",0.15,0.055,10,-21.26,1,0.0377,0.989,0.961,0.101,0.0724,93.129,4,241880,3,2015
"Dvorák: Symphony No. 8 in G Major, Op. 88, B. 163: I. Allegro con brio",Antonín Dvořák;José Serebrier;Bournemouth Symphony Orchestra,0.265,0.139,7,-16.227,1,0.0376,0.979,0.944,0.162,0.0555,136.941,4,614386,8,2015
"Dvorák: Symphony No. 8 in G Major, Op. 88, B. 163: II. Adagio",Antonín Dvořák;José Serebrier;Bournemouth Symphony Orchestra,0.212,0.0565,0,-20.552,1,0.0439,0.974,0.698,0.14,0.0381,136.336,4,609573,6,2015
"Dvorák: Symphony No. 8 in G Major, Op. 88, B. 163: III. Allegretto grazioso",Antonín Dvořák;José Serebrier;Bournemouth Symphony Orchestra,0.173,0.0761,7,-23.246,0,0.0387,0.959,0.852,0.228,0.17,80.497,3,350066,8,2015
"Dvorák: Symphony No. 8 in G Major, Op. 88, B. 163: IV. Allegro ma non troppo",Antonín Dvořák;José Serebrier;Bournemouth Symphony Orchestra,0.266,0.0838,7,-16.817,1,0.0401,0.977,0.919,0.0455,0.141,130.042,4,638172,7,2015
"Dvorák : 8 Slavonic Dances, Op.46 B83 : No.1 in C major [Presto]",Antonín Dvořák;José Serebrier;Bournemouth Symphony Orchestra,0.407,0.231,0,-17.291,1,0.0375,0.89,0.884,0.32,0.268,128.472,3,242093,4,2015
"Dvorák: Symphony No. 9 in E Minor, Op. 95, B. 178, ""From the New World"": I. Adagio - Allegro molto",Antonín Dvořák;José Serebrier;Bournemouth Symphony Orchestra,0.265,0.105,4,-17.158,0,0.0373,0.916,0.903,0.184,0.0799,114.975,4,721160,13,2015
"Dvorák: Symphony No. 9 in E Minor, Op. 95, B. 178, ""From the New World"": II. Largo",Antonín Dvořák;José Serebrier;Bournemouth Symphony Orchestra,0.117,0.0164,1,-27.977,1,0.0398,0.956,0.949,0.111,0.0358,94.643,4,654533,24,2015
"Dvorák: Symphony No. 9 in E Minor, Op. 95, B. 178, ""From the New World"": III. Molto vivace",Antonín Dvořák;José Serebrier;Bournemouth Symphony Orchestra,0.344,0.105,4,-18.365,1,0.037,0.922,0.814,0.252,0.223,129.078,3,454506,13,2015
"Dvorák: Symphony No. 9 in E Minor, Op. 95, B. 178, ""From the New World"": IV. Allegro con fuoco",Antonín Dvořák;José Serebrier;Bournemouth Symphony Orchestra,0.253,0.128,4,-16.361,0,0.0349,0.899,0.919,0.144,0.0827,131.842,4,705080,30,2015
"Dvorák: Czech Suite, Op. 39, B. 93: I. Preludium",Antonín Dvořák;José Serebrier;Bournemouth Symphony Orchestra,0.0711,0.045,2,-27.514,1,0.0405,0.959,0.844,0.119,0.0946,77.653,4,224400,6,2015
"Dvorák: Czech Suite, Op. 39, B. 93: II. Polka",Antonín Dvořák;José Serebrier;Bournemouth Symphony Orchestra,0.235,0.092,2,-24.014,0,0.0395,0.894,0.887,0.137,0.117,110.564,4,285373,6,2015
"Dvorák: Czech Suite, Op. 39, B. 93: III. Sousedská",Antonín Dvořák;José Serebrier;Bournemouth Symphony Orchestra,0.206,0.0352,5,-24.312,1,0.0369,0.909,0.619,0.157,0.121,76.356,4,284253,5,2015
"Dvorák: Czech Suite, Op. 39, B. 93: IV. Romanza",Antonín Dvořák;José Serebrier;Bournemouth Symphony Orchestra,0.116,0.0591,7,-24.861,1,0.0419,0.955,0.967,0.129,0.0481,72.9,4,263453,6,2015
"Dvorák: Czech Suite, Op. 39, B. 93: V. Finale (Furiant)",Antonín Dvořák;José Serebrier;Bournemouth Symphony Orchestra,0.462,0.184,2,-16.002,0,0.0355,0.893,0.882,0.11,0.192,112.648,3,337373,5,2015
"Dvorák : 8 Slavonic Dances, Op.72 : No.2 in E minor 'Starodávny' [Allegretto grazioso]",Antonín Dvořák;José Serebrier;Bournemouth Symphony Orchestra,0.216,0.0707,0,-25.063,1,0.042,0.905,0.787,0.0761,0.0795,120.253,4,349893,6,2015
